{
  "name": "uworld-app",
  "version": "1.0.0",
  "main": "node_modules/expo/AppEntry.js",
  "scripts": {
    "start": "expo start",
    "android": "expo start --android",
    "ios": "expo start --ios",
    "web": "expo start --web",
    "build:android": "eas build --platform android",
    "build:apk": "eas build --platform android --profile preview"
  },
  "dependencies": {
    "expo": "~50.0.0",
    "react": "18.2.0",
    "react-native": "0.73.6",
    "@react-navigation/native": "^6.1.9",
    "@react-navigation/stack": "^6.3.20",
    "@react-navigation/bottom-tabs": "^6.5.11",
    "react-native-screens": "~3.29.0",
    "react-native-safe-area-context": "4.8.2",
    "react-native-gesture-handler": "~2.14.1",
    "@react-native-async-storage/async-storage": "1.21.0",
    "expo-constants": "~15.4.0",
    "expo-status-bar": "~1.11.0"
  },
  "devDependencies": {
    "@babel/core": "^7.20.0"
  },
  "private": true
}
